{
  "torque": {
    "type": "high",
    "offset": [
      0.0,
      5.5,
      5.50001,
      13.0,
      19.0
    ],
    "labels": {
      "HIGH": [
        1.0,
        0.5,
        0.0,
        0.0,
        0.0
      ],
      "OK": [
        0.0,
        0.5,
        1.0,
        0.5,
        0.0
      ],
      "LOW": [
        0.0,
        0.0,
        0.0,
        0.5,
        1.0
      ]
    }
  },
  "bed_mass": {
    "type": "high",
    "offset": [
      -5.0,
      5.0,
      5.001,
      25.0,
      35.0
    ],
    "labels": {
      "HIGH": [
        1.0,
        0.5,
        0.0,
        0.0,
        0.0
      ],
      "OK": [
        0.0,
        0.5,
        1.0,
        0.5,
        0.0
      ],
      "LOW": [
        0.0,
        0.0,
        0.0,
        0.5,
        1.0
      ]
    }
  },
  "bed_level": {
    "type": "norm",
    "offset": [
      -0.2,
      0.0,
      1.0,
      1.0001,
      1.2
    ],
    "labels": {
      "HIGH": [
        0.0,
        0.0,
        0.0,
        0.5,
        1.0
      ],
      "OK": [
        0.0,
        0.5,
        1.0,
        0.5,
        0.0
      ],
      "LOW": [
        1.0,
        0.5,
        0.0,
        0.0,
        0.0
      ]
    }
  },
  "densidad": {
    "type": "low",
    "offset": [
      0.0,
      0.5,
      3.0,
      3.0001,
      5.0
    ],
    "labels": {
      "HIGH": [
        1.0,
        0.5,
        0.0,
        0.0,
        0.0
      ],
      "OK": [
        0.0,
        0.5,
        1.0,
        0.5,
        0.0
      ],
      "LOW": [
        0.0,
        0.0,
        0.0,
        0.5,
        1.0
      ]
    }
  },
  "torque_bomba": {
    "type": "high",
    "offset": [
      0.0,
      5.5,
      5.50001,
      13.0,
      19.0
    ],
    "labels": {
      "HIGH": [
        1.0,
        0.5,
        0.0,
        0.0,
        0.0
      ],
      "OK": [
        0.0,
        0.5,
        1.0,
        0.5,
        0.0
      ],
      "LOW": [
        0.0,
        0.0,
        0.0,
        0.5,
        1.0
      ]
    }
  },
  "potencia_bomba": {
    "type": "high",
    "offset": [
      0.0,
      5.5,
      5.50001,
      13.0,
      19.0
    ],
    "labels": {
      "HIGH": [
        1.0,
        0.5,
        0.0,
        0.0,
        0.0
      ],
      "OK": [
        0.0,
        0.5,
        1.0,
        0.5,
        0.0
      ],
      "LOW": [
        0.0,
        0.0,
        0.0,
        0.5,
        1.0
      ]
    }
  },
  "presion_descarga": {
    "type": "high",
    "offset": [
      0.0,
      5.5,
      5.50001,
      13.0,
      19.0
    ],
    "labels": {
      "HIGH": [
        1.0,
        0.5,
        0.0,
        0.0,
        0.0
      ],
      "OK": [
        0.0,
        0.5,
        1.0,
        0.5,
        0.0
      ],
      "LOW": [
        0.0,
        0.0,
        0.0,
        0.5,
        1.0
      ]
    }
  },
  "presion_diferencial": {
    "type": "high",
    "offset": [
      0.0,
      5.5,
      5.50001,
      13.0,
      19.0
    ],
    "labels": {
      "HIGH": [
        1.0,
        0.5,
        0.0,
        0.0,
        0.0
      ],
      "OK": [
        0.0,
        0.5,
        1.0,
        0.5,
        0.0
      ],
      "LOW": [
        0.0,
        0.0,
        0.0,
        0.5,
        1.0
      ]
    }
  },
  "nivel_rastra": {
    "type": "high",
    "offset": [
      0.0,
      5.5,
      5.50001,
      13.0,
      19.0
    ],
    "labels": {
      "HIGH": [
        1.0,
        0.5,
        0.0,
        0.0,
        0.0
      ],
      "OK": [
        0.0,
        0.5,
        1.0,
        0.5,
        0.0
      ],
      "LOW": [
        0.0,
        0.0,
        0.0,
        0.5,
        1.0
      ]
    }
  }
}